--changeset korobko:2024-11-30-0003-ACL-tables-data
INSERT INTO acl_sid (id, principal, sid) VALUES
(1, 1, 'admin'),
(2, 0, 'ROLE_ADMIN'),
(3, 0, 'ROLE_USER');

INSERT INTO acl_class (id, class) VALUES
(1, 'ru.otus.hw.dto.BookDto'), (2, 'ru.otus.hw.dto.CommentDto'), (3, 'ru.otus.hw.models.User');

INSERT INTO acl_object_identity (id, object_id_class, object_id_identity, parent_object, owner_sid, entries_inheriting) VALUES
(1, 1, 1, NULL, 1, 1),
(2, 1, 2, NULL, 1, 1),
(3, 1, 3, NULL, 1, 1),
(4, 2, 1, NULL, 1, 1),
(5, 2, 2, NULL, 1, 1),
(6, 2, 3, NULL, 1, 1),
(7, 3, 1, NULL, 1, 1);


INSERT INTO acl_entry (id, acl_object_identity, ace_order, sid, mask,
                       granting, audit_success, audit_failure) VALUES
(1, 1, 1, 3, 1, 1, 1, 1),
(2, 1, 2, 2, 1, 1, 1, 1),
(3, 1, 3, 2, 2, 1, 1, 1),
(4, 1, 4, 2, 4, 1, 1, 1),
(5, 1, 5, 2, 8, 1, 1, 1),
(6, 1, 6, 2, 16, 1, 1, 1),
(7, 1, 7, 1, 16, 1, 1, 1),

(8, 2, 1, 3, 1, 1, 1, 1),
(9, 2, 2, 2, 1, 1, 1, 1),
(10, 2, 3, 2, 2, 1, 1, 1),
(11, 2, 4, 2, 4, 1, 1, 1),
(12, 2, 5, 2, 8, 1, 1, 1),
(13, 2, 6, 2, 16, 1, 1, 1),
(14, 2, 7, 1, 16, 1, 1, 1),

(15, 3, 1, 3, 1, 1, 1, 1),
(16, 3, 2, 2, 1, 1, 1, 1),
(17, 3, 3, 2, 2, 1, 1, 1),
(18, 3, 4, 2, 4, 1, 1, 1),
(19, 3, 5, 2, 8, 1, 1, 1),
(20, 3, 6, 2, 16, 1, 1, 1),
(21, 3, 7, 1, 16, 1, 1, 1),

(22, 4, 1, 3, 1, 1, 1, 1),
(23, 4, 2, 2, 1, 1, 1, 1),
(24, 4, 3, 2, 2, 1, 1, 1),
(25, 4, 4, 2, 4, 1, 1, 1),
(26, 4, 5, 2, 8, 1, 1, 1),
(27, 4, 6, 2, 16, 1, 1, 1),
(28, 4, 7, 1, 16, 1, 1, 1),

(29, 5, 1, 3, 1, 1, 1, 1),
(30, 5, 2, 2, 1, 1, 1, 1),
(31, 5, 3, 2, 2, 1, 1, 1),
(32, 5, 4, 2, 4, 1, 1, 1),
(33, 5, 5, 2, 8, 1, 1, 1),
(34, 5, 6, 2, 16, 1, 1, 1),
(35, 5, 7, 1, 16, 1, 1, 1),

(36, 6, 1, 3, 1, 1, 1, 1),
(37, 6, 2, 2, 1, 1, 1, 1),
(38, 6, 3, 2, 2, 1, 1, 1),
(39, 6, 4, 2, 4, 1, 1, 1),
(40, 6, 5, 2, 8, 1, 1, 1),
(41, 6, 6, 2, 16, 1, 1, 1),
(42, 6, 7, 1, 16, 1, 1, 1),

(43, 7, 1, 1, 1, 1, 1, 1),
(44, 7, 2, 1, 2, 1, 1, 1),
(45, 7, 3, 1, 4, 1, 1, 1),
(46, 7, 4, 1, 8, 1, 1, 1),
(47, 7, 5, 1, 16, 1, 1, 1);
